,Closest City,Country code,Lat,Lng,Temperature,Wind speed,Humidity,Cloudiness,Date
0,cidreira,BR,-30.17,-50.22,62.32,6.29,92.0,0.0,1520589019
2,hobart,AU,-42.88,147.33,62.6,9.17,77.0,75.0,1520587800
3,pevek,RU,69.7,170.27,-8.47,29.1,98.0,44.0,1520589043
4,kodinar,IN,20.79,70.7,95.39,5.95,26.0,0.0,1520589075
5,port alfred,ZA,-33.59,26.89,67.76,8.75,87.0,0.0,1520589079
6,ushuaia,AR,-54.81,-68.31,39.2,4.7,80.0,0.0,1520586000
7,mataura,PF,-46.19,168.86,48.14,12.88,68.0,0.0,1520589088
8,rikitea,PF,-23.12,-134.97,81.44,20.71,97.0,88.0,1520589088
9,tocopilla,CL,-22.09,-70.2,56.06,4.27,100.0,20.0,1520589090
10,bethel,US,60.79,-161.76,19.4,12.75,92.0,90.0,1520587020
11,hithadhoo,MV,-0.6,73.08,84.14,15.01,100.0,20.0,1520589108
12,aykhal,RU,65.95,111.51,1.75,8.52,65.0,44.0,1520589043
13,safakulevo,RU,54.99,62.54,14.03,7.74,90.0,0.0,1520589044
14,cap malheureux,MU,-19.98,57.61,84.2,11.41,66.0,75.0,1520586000
15,atuona,PF,-9.8,-139.03,81.4,21.83,100.0,88.0,1520589089
16,mahebourg,MU,-20.41,57.7,84.2,11.41,66.0,75.0,1520586000
17,kununurra,AU,-15.77,128.74,93.2,4.7,49.0,0.0,1520586000
18,saint-philippe,RE,45.36,-73.48,28.4,4.7,92.0,90.0,1520587500
22,adigeni,GE,41.67,42.71,53.6,19.46,87.0,90.0,1520586000
23,provideniya,RU,64.42,-173.23,6.38,23.73,100.0,76.0,1520589044
25,norman wells,CA,65.28,-126.83,-14.81,4.38,75.0,5.0,1520586000
27,qaanaaq,GL,77.48,-69.36,-15.54,2.82,91.0,44.0,1520589126
28,aklavik,CA,68.22,-135.01,5.0,11.41,65.0,5.0,1520586000
29,gat,LY,14.69,-16.54,77.0,7.18,57.0,0.0,1520586000
30,chuy,UY,-33.69,-53.46,56.33,4.27,96.0,0.0,1520589131
31,vaini,TO,15.34,74.49,92.69,2.82,34.0,0.0,1520589131
32,karratha,AU,-20.74,116.85,104.21,4.16,9.0,0.0,1520589033
33,bredasdorp,ZA,-34.53,20.04,75.2,2.24,41.0,68.0,1520586000
34,ishnya,RU,57.19,39.36,16.78,7.74,86.0,36.0,1520589044
35,bayir,JO,37.27,28.22,64.4,4.7,59.0,40.0,1520587200
36,tura,RU,25.52,90.21,81.04,3.38,54.0,0.0,1520589045
37,busselton,AU,-33.64,115.35,71.68,23.51,94.0,8.0,1520589033
38,panalingaan,PH,8.78,117.42,81.85,9.98,84.0,44.0,1520589132
41,auki,SB,12.18,6.51,89.36,6.4,29.0,20.0,1520589136
42,umm lajj,SA,25.02,37.27,88.42,4.16,48.0,0.0,1520589137
44,tiksi,RU,71.64,128.87,-28.32,3.27,45.0,0.0,1520589045
47,touros,BR,-5.2,-35.46,77.66,7.18,93.0,0.0,1520589019
49,bonnyville,CA,54.27,-110.74,15.8,10.29,78.0,90.0,1520586000
50,fortuna,US,38.18,-1.13,64.4,1.12,59.0,0.0,1520587800
52,viedma,AR,-40.81,-62.99,72.67,10.2,42.0,0.0,1520589086
53,shingu,JP,33.72,135.99,42.8,26.4,60.0,40.0,1520586000
55,ponta do sol,CV,-20.63,-46.0,67.31,3.38,98.0,92.0,1520589144
57,new norfolk,AU,-42.78,147.06,62.6,9.17,77.0,75.0,1520587800
59,east london,ZA,-33.02,27.91,71.6,16.11,56.0,20.0,1520586000
62,yellowknife,CA,62.45,-114.38,-0.41,6.93,77.0,20.0,1520586000
63,san patricio,MX,-26.98,-56.83,61.19,2.15,83.0,0.0,1520589145
64,port-gentil,GA,-0.72,8.78,86.0,8.05,74.0,40.0,1520586000
66,suez,EG,29.97,32.54,72.49,4.05,35.0,8.0,1520589160
67,punta arenas,CL,-53.16,-70.91,37.4,6.93,100.0,0.0,1520586000
68,puerto ayora,EC,-0.74,-90.35,75.55,5.17,100.0,0.0,1520589161
70,coquimbo,CL,-29.95,-71.34,57.2,3.36,87.0,20.0,1520586000
72,jamestown,SH,-33.21,138.6,78.07,10.54,37.0,0.0,1520589162
73,mandalgovi,MN,45.76,106.27,39.64,10.42,76.0,0.0,1520589163
74,arman,RU,59.7,150.17,-11.31,2.59,73.0,24.0,1520589046
77,klaksvik,FO,62.23,-6.59,37.4,6.93,86.0,88.0,1520587200
78,cockburn town,TC,21.46,-71.14,75.37,1.48,100.0,0.0,1520589165
79,khatanga,RU,71.98,102.47,-9.91,6.29,69.0,64.0,1520589046
80,saskylakh,RU,71.97,114.09,-13.29,14.23,41.0,64.0,1520589047
81,aksarka,RU,66.56,67.8,-2.22,4.27,72.0,32.0,1520589047
82,college,US,64.86,-147.8,19.4,4.7,79.0,90.0,1520585880
84,ilinskiy,RU,55.62,38.12,24.8,11.18,57.0,0.0,1520586000
85,kaitangata,NZ,-46.28,169.85,46.84,9.31,76.0,0.0,1520589166
88,kodiak,US,39.95,-94.76,30.2,4.7,63.0,1.0,1520585580
90,port elizabeth,ZA,39.31,-74.98,33.8,9.17,63.0,90.0,1520585760
94,half moon bay,US,37.46,-122.43,53.6,10.29,87.0,75.0,1520588100
98,butaritari,KI,3.07,172.79,82.39,11.77,100.0,8.0,1520589173
99,muroto,JP,33.37,134.14,44.6,23.04,42.0,20.0,1520586000
100,morros,BR,-2.87,-44.04,78.8,10.29,88.0,75.0,1520586000
101,vila franca do campo,PT,37.72,-25.43,57.2,23.04,71.0,40.0,1520587800
104,hasaki,JP,35.73,140.83,48.2,16.11,93.0,75.0,1520586000
105,dunedin,NZ,-45.87,170.5,43.19,3.94,92.0,0.0,1520589166
106,saldanha,ZA,41.42,-6.55,49.58,18.7,98.0,92.0,1520589081
108,longyearbyen,SJ,78.22,15.63,1.4,17.22,59.0,20.0,1520587200
109,nelson bay,AU,-32.72,152.14,71.6,9.17,64.0,90.0,1520586000
111,ribeira grande,PT,38.52,-28.7,53.6,28.86,54.0,40.0,1520587800
112,mwanza,MW,-2.52,32.9,76.76,7.18,83.0,44.0,1520586000
113,talnakh,RU,69.49,88.39,9.49,12.21,82.0,76.0,1520589048
114,longyan,CN,25.1,117.03,57.55,2.26,39.0,0.0,1520589177
115,bargi,IN,22.99,79.88,89.6,2.24,25.0,0.0,1520586000
116,ancud,CL,-41.87,-73.83,49.99,2.59,92.0,92.0,1520589091
117,ahipara,NZ,-35.17,173.16,67.81,6.96,92.0,80.0,1520589167
118,cape town,ZA,-33.93,18.42,69.8,5.82,49.0,20.0,1520586000
119,xinan,CN,22.55,113.89,68.0,8.95,30.0,0.0,1520586000
120,guerrero negro,MX,27.97,-114.04,57.37,7.96,98.0,80.0,1520589145
122,cherskiy,RU,68.75,161.3,-19.14,4.94,56.0,64.0,1520589048
123,tuktoyaktuk,CA,69.44,-133.03,5.0,14.99,59.0,0.0,1520586000
126,myitkyina,MM,25.38,97.4,87.34,3.15,24.0,0.0,1520589183
128,nouadhibou,MR,20.93,-17.03,66.2,11.41,72.0,0.0,1520586000
129,qandala,SO,11.47,49.87,82.3,4.38,48.0,0.0,1520589185
131,clyde river,CA,70.47,-68.59,-20.21,14.99,75.0,90.0,1520587020
132,ketchikan,US,55.34,-131.65,37.4,6.93,93.0,75.0,1520587740
137,san policarpo,PH,12.18,125.51,81.04,9.75,89.0,80.0,1520589133
139,alofi,NU,-19.06,-169.92,77.0,5.82,94.0,76.0,1520586000
141,valdivia,CL,-39.81,-73.25,57.2,2.24,100.0,90.0,1520586000
142,dombarovskiy,RU,50.76,59.54,20.83,4.61,95.0,92.0,1520589049
146,gazanjyk,TM,39.24,55.52,73.16,6.73,68.0,0.0,1520589187
147,aleksandrov gay,RU,50.14,48.57,26.63,17.02,96.0,88.0,1520589049
148,kaeo,NZ,-35.1,173.78,63.58,4.72,92.0,8.0,1520589167
149,abha,SA,18.22,42.5,78.8,2.93,11.0,0.0,1520586000
150,bluff,NZ,-23.58,149.07,81.76,11.99,42.0,68.0,1520589168
155,georgetown,SH,6.8,-58.16,78.38,7.18,76.0,92.0,1520589142
156,mareeba,AU,-16.99,145.42,75.2,12.75,94.0,75.0,1520587800
158,berdigestyakh,RU,62.1,126.7,-11.71,4.83,38.0,0.0,1520589050
160,kruisfontein,ZA,-34.0,24.73,63.08,4.61,82.0,80.0,1520589081
164,castro,CL,-42.48,-73.76,49.04,3.27,98.0,92.0,1520589092
166,labuhan,ID,-2.54,115.51,81.08,3.38,85.0,32.0,1520589154
167,pachino,IT,36.72,15.09,55.4,2.24,82.0,20.0,1520585400
168,iqaluit,CA,63.75,-68.52,8.6,10.29,84.0,90.0,1520586000
170,lashio,MM,22.93,97.75,85.09,2.93,27.0,0.0,1520589183
173,hilo,US,19.71,-155.08,68.0,5.82,82.0,90.0,1520588520
174,barrow,US,-38.31,-60.23,63.08,10.2,48.0,0.0,1520589097
175,morehead,PG,38.18,-83.43,26.6,4.7,53.0,90.0,1520585580
181,antsohihy,MG,-14.88,47.99,78.88,7.07,100.0,92.0,1520589031
183,coos bay,US,43.37,-124.22,46.4,4.38,100.0,90.0,1520587200
187,riyadh,SA,24.63,46.72,90.89,6.62,19.0,0.0,1520589089
189,margate,ZA,-43.03,147.26,62.6,9.17,77.0,75.0,1520587800
191,hermanus,ZA,-34.42,19.24,65.65,2.93,59.0,56.0,1520589082
193,zhezkazgan,KZ,47.8,67.71,32.0,8.95,95.0,90.0,1520586000
196,nikolskoye,RU,59.7,30.79,28.4,11.18,74.0,75.0,1520586000
197,atar,MR,20.52,-13.05,77.0,10.29,33.0,0.0,1520586000
198,berlin,US,52.52,13.39,44.6,19.46,65.0,75.0,1520587200
200,bud,NO,62.91,6.91,35.6,4.7,100.0,90.0,1520587200
201,christchurch,NZ,-43.53,172.64,53.6,4.7,76.0,92.0,1520586000
202,thompson,CA,55.74,-97.86,-7.61,1.36,76.0,5.0,1520586000
204,cabedelo,BR,-6.97,-34.84,75.2,8.75,94.0,75.0,1520586000
206,albany,AU,42.65,-73.75,28.4,9.17,58.0,90.0,1520587080
207,arraial do cabo,BR,-22.97,-42.02,75.2,10.31,94.0,75.0,1520586000
208,rawson,AR,-43.3,-65.11,66.1,9.64,45.0,8.0,1520588887
209,kapaa,US,22.08,-159.32,68.0,21.92,68.0,75.0,1520585760
210,katsuura,JP,33.93,134.5,37.4,10.29,59.0,40.0,1520586000
214,codrington,AG,-28.95,153.24,65.92,6.96,93.0,92.0,1520589197
216,burgersdorp,ZA,-30.99,26.32,57.23,4.16,69.0,0.0,1520589082
217,vostok,RU,46.45,135.83,8.32,5.73,49.0,0.0,1520589050
219,pangnirtung,CA,66.15,-65.72,-0.19,5.61,65.0,56.0,1520589119
220,nome,US,30.04,-94.42,46.4,3.36,81.0,1.0,1520586900
221,ariquemes,BR,-9.91,-63.03,75.41,2.15,94.0,92.0,1520589021
222,milford,US,40.77,-97.05,30.2,10.29,58.0,90.0,1520588100
224,urusha,RU,54.05,122.9,7.87,2.59,43.0,0.0,1520589051
226,brae,GB,60.4,-1.35,41.0,12.75,93.0,40.0,1520587200
234,yefremov,RU,53.14,38.12,18.22,9.98,98.0,76.0,1520589051
235,araouane,ML,18.9,-3.53,79.42,5.5,20.0,0.0,1520589200
236,sayula,MX,19.88,-103.6,46.84,1.14,87.0,0.0,1520589146
237,meulaboh,ID,4.14,96.13,80.36,6.85,100.0,44.0,1520589154
240,vrangel,RU,42.73,133.08,26.09,18.81,100.0,0.0,1520589052
241,cacoal,BR,-11.43,-61.44,74.24,2.04,94.0,92.0,1520589021
242,savalou,BJ,7.93,1.98,84.86,11.21,73.0,12.0,1520589200
243,imuris,MX,30.78,-110.86,49.04,0.81,52.0,36.0,1520589146
246,bondo,CD,3.81,23.69,88.87,2.93,59.0,0.0,1520589201
249,storforshei,NO,66.4,14.52,26.6,9.17,49.0,0.0,1520585400
251,manakara,MG,-22.14,48.01,83.74,7.18,95.0,0.0,1520589031
253,port lincoln,AU,-34.72,135.86,80.54,10.42,51.0,0.0,1520589035
254,mporokoso,ZM,-9.37,30.12,75.41,9.19,94.0,12.0,1520589202
256,marzuq,LY,14.4,46.47,82.03,7.4,11.0,0.0,1520589129
260,salalah,OM,17.01,54.1,84.2,13.87,48.0,0.0,1520585400
261,pestovo,RU,55.36,37.98,23.0,11.18,57.0,0.0,1520586000
262,ramhormoz,IR,31.28,49.6,75.86,3.27,64.0,0.0,1520589204
263,saint-pierre,PM,48.95,4.24,48.2,5.82,81.0,90.0,1520587800
266,caravelas,BR,-17.73,-39.27,81.31,19.15,100.0,88.0,1520589021
267,avarua,CK,-21.21,-159.78,77.0,4.7,94.0,75.0,1520586000
268,noshiro,JP,40.21,140.05,35.6,14.99,100.0,75.0,1520586000
269,anito,PH,12.45,125.29,82.61,12.21,95.0,88.0,1520589133
272,weihe,CN,32.99,105.33,57.19,3.83,44.0,0.0,1520589178
273,abrau-dyurso,RU,44.7,37.6,35.6,11.18,93.0,90.0,1520586000
274,orlandia,BR,-20.72,-47.89,69.8,5.82,94.0,0.0,1520586000
277,carnarvon,AU,-30.97,22.13,65.38,6.73,39.0,24.0,1520589036
278,zhigansk,RU,66.77,123.37,-15.0,7.96,45.0,24.0,1520589053
280,dikson,RU,73.51,80.55,-9.96,16.46,88.0,8.0,1520589053
281,sorland,NO,67.67,12.69,28.4,3.36,67.0,0.0,1520587200
282,waddan,LY,29.16,16.14,73.93,13.67,31.0,0.0,1520589129
289,ranong,TH,9.96,98.62,86.71,9.08,90.0,20.0,1520589207
296,teya,RU,21.05,-89.07,69.8,6.93,73.0,75.0,1520585280
298,takaka,NZ,-40.86,172.81,61.6,8.97,92.0,36.0,1520589168
301,nador,MA,35.17,-2.93,66.2,1.12,72.0,0.0,1520587800
302,umtata,ZA,-31.59,28.78,68.0,8.05,49.0,20.0,1520586000
303,kashan,IR,33.99,51.44,80.81,15.79,17.0,12.0,1520589204
304,conde,BR,-11.81,-37.61,78.61,9.64,97.0,56.0,1520589022
306,yar-sale,RU,66.83,70.83,-0.24,3.04,99.0,44.0,1520589054
309,hastings,NZ,-39.64,176.84,60.79,21.27,100.0,88.0,1520589169
318,quatre cocos,MU,-20.21,57.76,84.2,11.41,66.0,75.0,1520586000
323,alexandria,EG,31.31,-92.44,42.8,4.7,75.0,1.0,1520588100
327,henties bay,NA,-22.12,14.28,66.82,3.71,94.0,0.0,1520589210
330,chicama,PE,-7.84,-79.15,64.4,3.36,93.0,75.0,1520586000
333,sur,OM,22.57,59.53,80.77,2.93,77.0,0.0,1520589204
338,sobolevo,RU,54.43,31.9,24.34,10.2,93.0,88.0,1520589055
339,san cristobal,EC,-0.39,-78.55,51.8,10.29,93.0,75.0,1520586000
344,geraldton,AU,49.72,-86.95,8.6,3.36,84.0,90.0,1520586000
347,airai,PW,-8.93,125.41,75.64,1.59,81.0,92.0,1520589211
348,sebeta,ET,8.91,38.62,71.6,5.82,30.0,24.0,1520586000
350,vila velha,BR,-3.71,-38.6,78.8,2.24,94.0,20.0,1520586000
354,nhulunbuy,AU,-12.18,136.78,86.0,12.75,70.0,32.0,1520586000
357,inhambane,MZ,-23.87,35.38,75.2,5.82,94.0,75.0,1520586000
360,madang,PG,-5.21,145.81,75.86,2.15,100.0,92.0,1520589189
362,sharkan,RU,57.3,53.87,12.86,9.53,89.0,36.0,1520589055
364,arandis,NA,-22.42,14.98,71.32,4.61,90.0,0.0,1520589210
368,hailey,US,43.52,-114.32,32.0,4.7,85.0,40.0,1520588100
369,irbeyskoye,RU,55.64,95.45,10.57,2.59,78.0,0.0,1520589056
371,kudahuvadhoo,MV,2.67,72.89,83.65,14.0,100.0,12.0,1520589109
372,tuatapere,NZ,-46.13,167.69,52.01,13.22,100.0,0.0,1520589169
373,sulangan,PH,11.14,123.72,79.51,11.77,100.0,92.0,1520589134
374,kalmunai,LK,7.42,81.82,82.79,6.06,88.0,48.0,1520589213
377,leningradskiy,RU,69.38,178.42,-2.67,26.42,74.0,36.0,1520589056
378,russell,NZ,-33.01,-68.8,64.4,3.36,63.0,0.0,1520586000
381,kavieng,PG,-2.57,150.8,80.54,5.73,100.0,68.0,1520589189
382,ruteng,ID,-8.61,120.46,79.01,3.94,82.0,88.0,1520589154
383,eydhafushi,MV,5.1,73.07,84.01,11.43,100.0,0.0,1520589110
385,deputatskiy,RU,69.3,139.9,-30.3,2.59,48.0,8.0,1520589057
387,upernavik,GL,72.79,-56.15,-13.06,4.72,100.0,24.0,1520589126
388,karpathos,GR,35.51,27.21,64.4,12.75,55.0,20.0,1520587200
390,winnemucca,US,40.97,-117.74,39.2,4.7,51.0,1.0,1520585760
391,soyo,AO,-6.13,12.37,85.54,3.83,72.0,20.0,1520589214
392,tymovskoye,RU,50.85,142.66,21.28,10.31,80.0,92.0,1520589057
393,torbay,CA,47.66,-52.73,28.4,10.29,100.0,90.0,1520586000
394,plettenberg bay,ZA,-34.05,23.37,66.41,3.71,100.0,48.0,1520589083
401,boguchany,RU,58.38,97.46,12.86,5.5,53.0,48.0,1520589058
410,narsaq,GL,60.91,-46.05,8.6,3.36,60.0,0.0,1520585400
414,muzhi,RU,65.4,64.7,-3.12,7.18,75.0,0.0,1520589058
426,san blas,MX,21.54,-105.29,55.03,3.27,73.0,0.0,1520589147
427,leiyang,CN,26.42,112.85,57.37,4.61,81.0,0.0,1520589178
429,sibolga,ID,1.74,98.78,76.0,1.7,90.0,64.0,1520589155
430,loiza,US,18.43,-65.88,75.2,9.86,88.0,1.0,1520585760
431,xining,CN,36.62,101.77,48.14,4.83,19.0,64.0,1520589179
435,roebourne,AU,-20.77,117.15,104.21,4.16,9.0,0.0,1520589037
440,knysna,ZA,-34.04,23.05,66.2,4.7,59.0,40.0,1520586000
442,vardo,NO,39.62,-77.74,32.0,17.22,58.0,1.0,1520588100
443,nishihara,JP,35.74,139.53,53.6,13.87,61.0,90.0,1520586360
445,buala,SB,-8.15,159.59,80.05,4.94,100.0,92.0,1520589136
446,burnie,AU,-41.05,145.91,66.01,8.86,98.0,0.0,1520589037
447,nioki,CD,-2.72,17.69,77.08,4.5,91.0,48.0,1520589201
452,batemans bay,AU,-35.71,150.18,64.66,4.72,95.0,0.0,1520588967
453,severo-kurilsk,RU,50.68,156.12,32.39,25.08,92.0,92.0,1520589058
455,verkhnevilyuysk,RU,63.45,120.31,-6.63,5.73,59.0,12.0,1520589059
457,bilma,NE,18.69,12.92,91.48,4.72,20.0,0.0,1520589216
462,turukhansk,RU,65.8,87.96,1.79,7.4,69.0,8.0,1520589059
464,de aar,ZA,-30.65,24.01,68.0,11.41,28.0,0.0,1520585400
465,aksaray,TR,38.37,34.03,46.4,6.93,81.0,75.0,1520587200
466,byron bay,AU,-28.65,153.62,73.4,14.99,64.0,75.0,1520586000
467,ilulissat,GL,69.22,-51.1,-9.41,9.17,76.0,20.0,1520585400
469,mar del plata,AR,-46.43,-67.52,52.06,22.5,61.0,68.0,1520589086
471,sao joao da barra,BR,-21.64,-41.05,77.0,13.87,100.0,75.0,1520586900
475,lorengau,PG,-2.02,147.27,83.11,9.08,100.0,92.0,1520589190
478,tayoltita,MX,24.11,-105.93,61.87,2.15,55.0,0.0,1520589147
483,mach,PK,29.87,67.33,64.48,2.82,46.0,0.0,1520589217
484,durango,US,37.28,-107.88,28.4,2.37,62.0,1.0,1520585580
485,havoysund,NO,71.0,24.66,14.0,11.41,66.0,0.0,1520587200
486,lerwick,GB,60.15,-1.15,41.0,12.75,93.0,40.0,1520587200
487,lavrentiya,RU,65.58,-170.99,8.36,31.9,100.0,76.0,1520589060
495,saint-augustin,CA,44.83,-0.61,59.0,10.29,66.0,0.0,1520587800
496,bambous virieux,MU,-20.34,57.76,84.2,11.41,66.0,75.0,1520586000
505,ulaanbaatar,MN,47.92,106.92,32.0,8.95,52.0,40.0,1520587800
506,komsomolskiy,RU,67.55,63.78,4.58,4.38,86.0,44.0,1520589060
507,southbridge,NZ,42.08,-72.03,30.2,5.82,63.0,90.0,1520585760
512,ordynskoye,RU,54.37,81.9,17.09,5.61,84.0,48.0,1520589060
519,san agustin,PH,10.2,-63.54,68.71,4.16,80.0,48.0,1520589135
525,verkhnyaya inta,RU,65.99,60.32,9.71,3.49,62.0,0.0,1520589061
528,jumla,NP,29.28,82.18,39.55,2.15,57.0,68.0,1520589218
531,grand gaube,MU,-20.01,57.66,84.2,11.41,66.0,75.0,1520586000
534,windsor,CA,42.3,-83.03,30.2,13.87,79.0,75.0,1520588280
535,hualmay,PE,-11.1,-77.61,65.06,2.37,88.0,20.0,1520589207
540,lebu,CL,8.96,38.73,71.6,5.82,30.0,64.0,1520586000
541,ballina,AU,54.11,-9.15,37.4,2.24,69.0,0.0,1520587800
542,elizabeth city,US,36.3,-76.22,37.4,9.17,77.0,1.0,1520588400
545,townsville,AU,-19.26,146.82,80.6,20.8,69.0,40.0,1520586000
551,bani,DO,15.89,120.27,80.36,3.6,86.0,44.0,1520589218
555,tiarei,PF,-17.53,-149.33,78.8,3.36,78.0,20.0,1520587800
557,ugoofaaru,MV,5.67,73.0,84.01,11.43,100.0,0.0,1520589110
559,pauini,BR,-7.71,-67.0,76.31,2.59,95.0,44.0,1520589024
560,kuantan,MY,3.82,103.33,87.8,9.17,70.0,75.0,1520586000
561,yerbogachen,RU,61.28,108.01,18.89,4.38,67.0,44.0,1520589061
562,hailar,CN,49.2,119.7,14.93,9.53,76.0,80.0,1520589179
564,bathsheba,BB,13.22,-59.52,77.0,17.22,88.0,40.0,1520586000
566,palmital,BR,-22.79,-50.22,68.98,10.65,86.0,0.0,1520589024
567,gryazovets,RU,58.88,40.25,17.54,5.95,83.0,0.0,1520589034
568,santa rosa,BO,-36.62,-64.29,66.2,6.93,68.0,40.0,1520589222
571,keuruu,FI,62.26,24.71,26.6,9.17,86.0,90.0,1520587200
573,darnah,LY,32.77,22.64,60.16,11.21,100.0,0.0,1520589130
574,sao filipe,CV,14.9,-24.5,70.78,13.56,96.0,0.0,1520589144
575,waingapu,ID,-9.65,120.26,80.59,6.96,84.0,76.0,1520589155
576,skibbereen,IE,51.55,-9.27,41.0,11.41,93.0,75.0,1520587800
577,sioni,GE,41.99,45.02,50.0,16.11,93.0,90.0,1520586000
579,shelburne,CA,44.08,-80.2,28.4,3.36,92.0,90.0,1520587680
580,mumbwa,ZM,-14.99,27.06,84.37,8.75,74.0,0.0,1520589203
586,timiryazevskiy,RU,47.05,39.61,38.69,6.62,100.0,32.0,1520589062
588,isangel,VU,-19.55,169.27,79.51,21.94,100.0,92.0,1520589224
591,altay,CN,47.83,88.13,32.08,1.92,79.0,12.0,1520589180
594,lubumbashi,CD,-11.66,27.48,79.28,8.19,92.0,20.0,1520589201
600,porto novo,CV,-23.68,-45.44,68.0,3.36,94.0,75.0,1520586000
602,kieta,PG,-6.22,155.63,82.57,4.16,89.0,64.0,1520589190
603,ixtapa,MX,20.71,-105.21,62.6,4.7,100.0,5.0,1520584920
604,muros,ES,42.77,-9.06,55.4,18.34,100.0,75.0,1520587800
605,iskateley,RU,67.68,53.15,8.41,11.32,89.0,80.0,1520589062
607,makakilo city,US,21.35,-158.09,69.8,10.29,63.0,1.0,1520585820
609,victoria,SC,5.28,115.24,86.0,11.41,83.0,75.0,1520586000
611,rumonge,BI,-3.97,29.44,72.94,5.17,100.0,68.0,1520589120
618,bolshaya martynovka,RU,47.27,41.67,35.36,5.84,100.0,32.0,1520589063
623,parrita,CR,9.52,-84.33,71.6,18.34,73.0,0.0,1520586000
626,saint-francois,GP,46.42,3.91,53.6,8.05,62.0,0.0,1520587800
628,westport,NZ,53.8,-9.52,37.4,2.24,69.0,0.0,1520587800
629,nizhniy kuranakh,RU,58.84,125.49,2.38,1.92,55.0,0.0,1520589063
633,merauke,ID,-8.49,140.4,83.06,10.54,89.0,32.0,1520589156
636,chokurdakh,RU,70.62,147.9,-34.12,2.93,0.0,0.0,1520589064
637,xuanzhou,CN,30.95,118.78,52.87,3.6,64.0,0.0,1520589180
639,jalu,LY,29.03,21.55,78.43,8.75,27.0,0.0,1520589130
640,atasu,KZ,48.68,71.64,35.77,8.41,95.0,12.0,1520589114
647,pontianak,ID,-0.02,109.34,81.22,8.41,99.0,44.0,1520589156
649,luderitz,NA,-26.65,15.16,78.8,4.7,41.0,0.0,1520586000
651,coahuayana,MX,18.62,-100.35,56.06,1.92,73.0,0.0,1520589148
653,denpasar,ID,-8.65,115.22,80.99,2.59,81.0,32.0,1520588973
654,ratanpur,IN,23.11,87.07,91.66,6.4,29.0,0.0,1520589076
658,salvador,BR,-12.98,-38.48,78.8,8.05,83.0,40.0,1520586000
659,krumbach,DE,48.24,10.36,51.8,13.87,49.0,0.0,1520587200
661,saint anthony,CA,43.97,-111.68,33.8,3.36,92.0,1.0,1520585760
664,hokitika,NZ,-42.72,170.96,61.19,15.35,89.0,0.0,1520589171
668,ostrovnoy,RU,68.05,39.51,2.74,3.38,84.0,56.0,1520589064
671,dingle,IE,11.0,122.67,83.06,10.54,64.0,68.0,1520589223
673,padang,ID,-0.92,100.36,80.99,2.04,100.0,32.0,1520589157
676,kijang,ID,35.24,129.21,44.6,9.17,65.0,75.0,1520586000
679,naze,JP,5.43,7.07,81.71,5.5,89.0,88.0,1520589142
681,merritt,CA,50.11,-120.79,41.0,18.34,80.0,90.0,1520587560
690,lasa,CN,34.92,32.53,68.0,16.11,68.0,20.0,1520587800
696,alekseyevskaya,RU,45.77,40.15,43.24,7.63,100.0,48.0,1520589064
698,vestmannaeyjar,IS,63.44,-20.27,32.0,4.7,100.0,0.0,1520586000
699,portland,AU,45.52,-122.67,48.2,9.17,87.0,90.0,1520585760
703,baturaja,ID,-4.12,104.17,86.71,8.41,71.0,48.0,1520589158
704,puerto leguizamo,CO,-0.19,-74.78,73.34,2.26,98.0,88.0,1520589229
708,pochutla,MX,15.74,-96.47,78.07,6.62,100.0,0.0,1520589149
712,san pedro de los naranjos,MX,20.25,-100.98,55.4,5.17,58.0,40.0,1520586780
713,katherine,AU,-14.47,132.26,93.2,6.93,46.0,0.0,1520586000
714,yelizovo,RU,53.19,158.38,23.0,2.24,92.0,90.0,1520584200
715,pavlogradka,RU,54.2,73.56,16.69,5.17,91.0,88.0,1520589065
717,bastrop,US,32.78,-91.91,46.4,6.93,52.0,1.0,1520588100
718,avera,PF,33.19,-82.53,35.6,5.28,74.0,1.0,1520588100
728,temiscaming,CA,46.72,-79.1,24.8,12.75,100.0,90.0,1520587200
729,souillac,MU,45.6,-0.6,55.4,14.99,71.0,0.0,1520587800
738,beringovskiy,RU,63.05,179.32,-0.42,23.85,100.0,24.0,1520589066
739,santiago del estero,AR,-27.8,-64.26,71.86,8.86,66.0,0.0,1520589058
742,sokoto,NG,13.06,5.24,93.55,6.73,24.0,0.0,1520589230
744,razole,IN,16.48,81.84,82.84,8.63,94.0,0.0,1520589076
746,constitucion,MX,23.99,-104.67,48.82,4.72,62.0,0.0,1520589150
753,caxias,BR,-4.87,-43.35,77.0,2.24,94.0,75.0,1520586000
756,qasigiannguit,GL,68.82,-51.19,-9.41,9.17,76.0,20.0,1520585400
758,sri aman,MY,1.24,111.46,86.0,10.29,79.0,40.0,1520586000
763,fort nelson,CA,58.81,-122.69,5.0,4.7,84.0,5.0,1520586000
765,sabang,ID,13.72,123.58,77.08,8.97,100.0,92.0,1520589158
766,hirara,JP,24.8,125.28,60.8,11.41,67.0,75.0,1520586000
771,snezhnogorsk,RU,69.19,33.23,14.0,6.71,72.0,75.0,1520586000
772,chazuta,PE,-6.57,-76.13,71.63,2.37,100.0,80.0,1520589208
778,caceres,BR,5.53,-74.53,63.89,1.25,96.0,12.0,1520589025
780,praia da vitoria,PT,38.73,-27.07,55.4,39.62,71.0,40.0,1520586000
781,quelimane,MZ,-17.88,36.89,89.18,7.63,87.0,0.0,1520589205
782,mizan teferi,ET,6.99,35.58,85.58,2.71,31.0,68.0,1520589212
784,tateyama,JP,36.66,137.31,39.2,9.17,86.0,75.0,1520586000
785,booue,GA,-0.09,11.94,79.33,2.93,82.0,80.0,1520589153
788,kirillov,RU,59.86,38.38,16.15,7.4,88.0,20.0,1520589066
790,manado,ID,1.49,124.85,82.4,3.36,78.0,20.0,1520587800
793,zyryanka,RU,65.73,150.89,-17.52,3.94,52.0,0.0,1520589067
796,skjervoy,NO,70.03,20.97,12.2,19.46,61.0,0.0,1520585400
802,yulara,AU,-25.24,130.99,73.4,17.22,73.0,75.0,1520586000
808,bangassou,CF,4.74,22.82,86.71,3.15,68.0,0.0,1520589231
817,manaure,CO,11.78,-72.45,79.19,23.29,90.0,64.0,1520589230
821,comodoro rivadavia,AR,-45.87,-67.48,57.2,20.8,47.0,0.0,1520586000
824,turka,RU,49.16,23.03,35.86,10.65,93.0,24.0,1520589067
827,hami,CN,42.84,93.51,64.16,6.4,38.0,0.0,1520589181
829,sitka,US,37.17,-99.65,31.27,2.37,72.0,8.0,1520589103
834,grindavik,IS,63.84,-22.43,28.4,8.05,54.0,0.0,1520587800
836,obidos,BR,39.36,-9.16,59.0,26.4,100.0,75.0,1520587800
839,shimoda,JP,34.7,138.93,57.2,4.7,76.0,75.0,1520584140
840,port hedland,AU,-20.31,118.58,96.8,12.75,30.0,0.0,1520586000
842,bambanglipuro,ID,-7.95,110.28,82.61,5.28,78.0,56.0,1520589159
846,pisco,PE,-13.71,-76.2,69.8,6.93,77.0,0.0,1520586000
847,dwarka,IN,28.58,77.04,89.6,10.29,27.0,12.0,1520586000
850,sioux lookout,CA,50.1,-91.92,19.4,2.24,85.0,90.0,1520586000
856,zhongshu,CN,24.52,103.77,59.8,4.94,53.0,8.0,1520589182
861,husavik,IS,50.56,-96.99,-2.62,4.72,48.0,0.0,1520589172
862,vanimo,PG,-2.67,141.3,81.53,12.66,100.0,36.0,1520589191
868,vestmanna,FO,62.16,-7.17,37.4,6.93,86.0,92.0,1520587200
874,port blair,IN,11.67,92.75,84.55,7.52,100.0,0.0,1520589077
878,the valley,AI,18.22,-63.06,77.0,9.17,83.0,40.0,1520586000
879,los llanos de aridane,ES,28.66,-17.92,73.4,20.8,60.0,20.0,1520588340
880,valdosta,US,30.83,-83.28,37.4,3.38,86.0,1.0,1520588100
890,mehamn,NO,71.03,27.85,10.4,14.99,72.0,0.0,1520585400
892,acapulco,MX,16.86,-99.88,75.2,3.04,88.0,5.0,1520584860
893,gornopravdinsk,RU,60.06,69.92,13.94,3.94,68.0,88.0,1520589068
897,belmonte,BR,40.36,-7.35,50.62,13.22,98.0,100.0,1520589026
898,tucumcari,US,35.17,-103.73,44.6,11.41,22.0,1.0,1520585580
903,chapais,CA,49.78,-74.86,21.2,10.29,85.0,90.0,1520587140
906,yeppoon,AU,-23.13,150.74,78.8,10.29,61.0,80.0,1520586000
914,neustadt,DE,47.05,8.31,51.8,2.24,45.0,75.0,1520587200
915,gerash,IR,27.67,54.14,78.8,4.7,22.0,0.0,1520586000
916,tandalti,SD,13.01,31.87,99.53,9.98,20.0,0.0,1520589215
917,klamath falls,US,42.22,-121.78,39.2,6.93,86.0,90.0,1520585580
919,pouembout,NC,-21.12,164.9,73.16,9.42,97.0,92.0,1520589233
924,zhireken,RU,52.82,117.29,8.5,3.15,60.0,68.0,1520589068
926,najran,SA,17.54,44.22,84.2,6.93,12.0,0.0,1520586000
938,lompoc,US,34.64,-120.46,55.4,3.71,93.0,90.0,1520588340
942,erzin,RU,36.95,36.2,71.6,13.87,46.0,75.0,1520587200
943,hofn,IS,64.25,-15.21,30.2,12.75,50.0,0.0,1520586000
946,roma,AU,41.89,12.48,59.0,2.24,76.0,0.0,1520587200
951,gorbatov,RU,56.13,43.06,21.2,4.47,41.0,0.0,1520586000
956,nagyszenas,HU,46.68,20.67,46.4,13.87,70.0,0.0,1520586900
958,namatanai,PG,-3.66,152.44,83.33,13.11,98.0,48.0,1520589191
959,mpigi,UG,0.23,32.32,78.8,9.17,74.0,20.0,1520587800
961,stadthagen,DE,52.33,9.21,42.8,13.87,75.0,75.0,1520587200
963,toktogul,KG,41.87,72.95,36.85,2.37,82.0,92.0,1520589235
965,calama,CL,-22.46,-68.93,46.4,14.99,61.0,0.0,1520586000
966,dillon,US,45.22,-112.64,26.6,8.05,79.0,1.0,1520585580
967,pestravka,RU,52.4,49.95,19.48,14.23,90.0,0.0,1520589069
972,gizo,SB,31.8,34.94,66.2,16.11,59.0,40.0,1520587200
975,tucupita,VE,9.06,-62.05,77.8,8.08,76.0,64.0,1520589235
976,lodwar,KE,3.12,35.6,91.93,10.09,37.0,0.0,1520589236
980,tarime,TZ,-1.35,34.38,80.5,3.38,79.0,0.0,1520589236
981,leh,IN,34.16,77.58,4.13,1.59,85.0,76.0,1520589077
982,mayumba,GA,-3.44,10.65,82.66,4.61,93.0,8.0,1520589153
984,mount gambier,AU,-37.83,140.78,74.96,5.61,42.0,0.0,1520589042
988,luau,AO,-10.7,22.23,83.78,3.27,58.0,12.0,1520589215
991,talaya,RU,55.79,84.89,12.41,8.63,79.0,44.0,1520589070
992,mildura,AU,-34.18,142.16,82.48,7.63,31.0,0.0,1520589042
993,xuddur,SO,4.12,43.89,89.68,17.02,25.0,0.0,1520589185
994,benjamin constant,BR,-4.38,-70.03,75.2,2.37,100.0,40.0,1520586000
995,nalut,LY,31.86,10.98,66.82,5.39,53.0,0.0,1520589131
1002,barra patuca,HN,15.8,-84.28,78.29,13.67,88.0,56.0,1520589237
1011,luganville,VU,-15.51,167.18,80.99,21.39,100.0,92.0,1520589224
1016,maturin,VE,9.75,-63.18,77.03,7.18,70.0,64.0,1520589236
1017,altamira,BR,-3.2,-52.21,72.98,3.15,97.0,92.0,1520589028
1022,kupang,ID,-10.16,123.6,81.58,10.76,97.0,92.0,1520589160
1028,tyazhinskiy,RU,56.11,88.52,16.51,5.28,61.0,24.0,1520589070
1029,daliao,PH,22.61,120.4,66.2,4.7,59.0,75.0,1520586000
1031,tasiilaq,GL,65.61,-37.64,17.6,2.24,85.0,76.0,1520585400
1032,gonzales,US,36.51,-121.44,53.6,4.7,100.0,90.0,1520588400
1034,okhotsk,RU,59.36,143.24,7.46,5.61,93.0,44.0,1520589070
1035,moissala,TD,8.34,17.77,95.39,11.21,38.0,8.0,1520589237
1037,anadyr,RU,64.73,177.51,-13.01,11.18,75.0,40.0,1520586000
1047,kutahya,TR,39.42,29.98,50.0,5.82,71.0,75.0,1520585400
1055,belyy yar,RU,53.6,91.39,15.8,2.24,61.0,0.0,1520586000
1058,farah,AF,32.37,62.11,73.66,4.94,69.0,68.0,1520589238
1061,raudeberg,NO,61.99,5.14,35.6,6.93,100.0,75.0,1520587200
1065,alta floresta,BR,-9.87,-56.08,73.3,1.81,95.0,64.0,1520589028
1074,kaohsiung,TW,22.62,120.31,66.2,4.7,59.0,75.0,1520586000
1076,lagoa,PT,37.14,-8.45,60.8,23.04,93.0,75.0,1520587800
1078,maragogi,BR,-9.01,-35.22,74.92,6.85,99.0,12.0,1520589028
1089,esperance,AU,10.24,-61.45,78.25,8.19,79.0,92.0,1520589042
1093,yeniseysk,RU,58.45,92.17,13.27,6.17,64.0,56.0,1520589072
1095,buzdyak,RU,54.57,54.53,15.79,6.73,88.0,0.0,1520589072
1099,linqiong,CN,30.42,103.46,73.4,4.47,31.0,20.0,1520586000
1110,port hardy,CA,50.7,-127.42,33.8,9.17,97.0,40.0,1520586000
1121,guanambi,BR,-14.22,-42.78,67.58,3.15,96.0,76.0,1520589029
1123,mount vernon,US,37.94,-87.9,26.6,3.04,100.0,1.0,1520588100
1133,manavalakurichi,IN,8.13,77.3,89.6,8.05,66.0,40.0,1520586000
1134,tra vinh,VN,9.93,106.35,91.61,9.86,48.0,0.0,1520589232
1135,bridge of weir,GB,55.86,-4.58,42.8,16.11,81.0,36.0,1520587200
1137,vigrestad,NO,58.57,5.7,33.8,5.82,69.0,75.0,1520587200
1140,carnot,CF,4.94,15.87,77.66,6.62,92.0,12.0,1520589231
1148,brandon,US,43.59,-96.57,26.6,5.82,79.0,90.0,1520588100
1149,charlestown,KN,41.38,-71.64,35.6,4.7,100.0,90.0,1520588100
1151,san vicente de canete,PE,-13.08,-76.38,62.77,1.7,90.0,48.0,1520589209
1152,bereda,SO,43.27,-7.54,60.8,11.41,77.0,75.0,1520587800
1161,america dourada,BR,-11.46,-41.44,69.34,3.38,97.0,92.0,1520589029
1164,turayf,SA,31.68,38.65,64.4,27.51,39.0,0.0,1520586000
1173,daru,PG,7.99,-10.85,76.49,4.5,83.0,0.0,1520589191
1177,skoghall,SE,59.32,13.47,23.0,8.05,92.0,40.0,1520587200
1179,baghdad,IQ,33.3,44.38,75.2,11.41,36.0,32.0,1520586000
1184,nipawin,CA,53.36,-104.02,-11.21,3.36,83.0,1.0,1520586000
1189,mao,TD,19.55,-71.08,69.8,1.14,100.0,75.0,1520586000
1193,scarborough,GB,54.28,-0.41,41.0,3.36,86.0,20.0,1520585400
1194,ampanihy,MG,-24.69,44.75,94.81,7.74,36.0,0.0,1520589031
1196,saint george,BM,39.45,22.34,59.0,6.93,47.0,0.0,1520587200
1202,sabinas hidalgo,MX,26.51,-100.18,54.58,5.61,94.0,32.0,1520589150
1203,kahului,US,20.89,-156.47,64.4,8.05,88.0,75.0,1520585760
1205,mecca,SA,21.43,39.83,93.2,2.24,36.0,0.0,1520586000
1207,torrington,US,42.06,-104.18,42.8,11.41,38.0,1.0,1520585580
1211,solnechnyy,RU,50.72,136.64,9.22,9.98,63.0,48.0,1520589072
1216,hamilton,BM,32.3,-64.78,66.2,17.22,77.0,90.0,1520585700
1224,ashington,GB,55.18,-1.57,39.2,9.17,64.0,0.0,1520587200
1228,vao,NC,59.1,26.19,32.44,8.75,91.0,76.0,1520589233
1229,roald,NO,62.58,6.12,35.6,5.82,93.0,75.0,1520587200
1230,kamenka,RU,53.19,44.05,17.86,10.42,85.0,0.0,1520589073
1239,epe,NG,52.18,7.04,41.0,12.75,80.0,75.0,1520587200
1248,uarini,BR,-2.98,-65.16,73.66,2.71,98.0,68.0,1520589030
1253,valentin gomez farias,MX,24.05,-104.7,48.82,4.72,62.0,0.0,1520589151
1254,manoel urbano,BR,-8.84,-69.26,73.93,2.15,96.0,32.0,1520589030
1256,sassandra,CI,4.95,-6.09,81.31,4.72,94.0,24.0,1520589242
1261,gatesville,US,31.44,-97.74,53.6,12.55,81.0,1.0,1520586900
1283,mercedes,AR,-33.25,-58.03,63.22,3.38,78.0,68.0,1520589087
1289,mangai,CD,-4.07,19.59,77.98,2.82,88.0,80.0,1520589202
1290,kaduqli,SD,11.01,29.72,100.16,4.83,26.0,0.0,1520589216
1295,nyurba,RU,63.29,118.35,1.48,4.16,60.0,8.0,1520589073
1296,smithers,CA,54.78,-127.17,17.6,1.92,92.0,20.0,1520586000
1302,tonota,BW,-21.44,27.46,80.6,3.36,65.0,75.0,1520586000
1311,ozernovskiy,RU,51.5,156.52,29.47,19.93,86.0,92.0,1520589074
1312,sept-iles,CA,50.2,-66.38,26.6,23.04,73.0,90.0,1520586000
1316,port hawkesbury,CA,45.62,-61.36,32.0,13.87,92.0,90.0,1520586000
1317,magnor,NO,59.95,12.2,24.74,4.27,77.0,64.0,1520589196
1320,richards bay,ZA,-28.77,32.06,74.56,13.0,68.0,8.0,1520589085
1322,abancay,PE,-13.64,-72.88,43.69,0.69,95.0,88.0,1520589209
1327,ostersund,SE,63.18,14.64,15.8,5.82,78.0,90.0,1520587200
1337,uniontown,US,39.9,-79.72,24.8,6.93,79.0,90.0,1520586960
1346,manjacaze,MZ,-24.71,33.88,75.23,16.35,94.0,68.0,1520589213
1347,cabo san lucas,MX,22.89,-109.91,68.93,5.73,100.0,0.0,1520589151
1348,dzilam gonzalez,MX,21.28,-88.93,68.98,3.83,79.0,32.0,1520589152
1352,kokopo,PG,-4.34,152.27,80.36,7.4,100.0,64.0,1520589192
1371,eluru,IN,16.71,81.12,93.2,3.36,49.0,0.0,1520586000
1376,berezovyy,RU,51.67,135.7,3.46,4.94,53.0,0.0,1520589074
1384,ust-nera,RU,64.57,143.24,-22.02,1.14,29.0,8.0,1520589075
1390,korhogo,CI,9.46,-5.63,83.92,8.75,64.0,20.0,1520589243
1396,lancaster,US,40.04,-76.31,33.8,8.05,74.0,40.0,1520586900
1398,jiuquan,CN,39.73,98.49,44.23,3.04,72.0,0.0,1520589182
